title,Latitude,Longitude,routeNumber,section,distanceMiles,distanceKm,difficulty,beginningPoint,runningSurface,suggestedBy,url
28. Hagg Lake Loop,45.46,-123.208,28,Suburban West Side,10.4,16.6,10,Parking lot at south end of dam face,Paved road,Don Wright,https://runningaroundportland.com/routes/28-hagg-lake-loop/
29. Lake Oswego Loop,45.421,-122.67,29,Suburban West Side,7.5,12,6,Lake Oswego Swim Park,Paved roads and streets,John Hensala,https://runningaroundportland.com/routes/29-lake-oswego-loop/
30. Olympic Fund Run,45.421,-122.67,30,Suburban West Side,6.2,10,4,Lake Oswego Junior High School,Paved road,,https://runningaroundportland.com/routes/30-olympic-fund-run/
31. Old River Road Run,45.413,-122.664,31,Suburban West Side,7,11.2,5,George Rogers Park in Lake Oswego,"Dirt paths, paved roads and trails",,https://runningaroundportland.com/routes/31-old-river-road-run/
32. Killer Kowalski Butte,45.388,-122.664,32,Suburban West Side,10.4,16.6,10,"Parking lot by Chapel, Marylhurst Education Center",Paved roads,Steve Saslow and Paul Ryman,https://runningaroundportland.com/routes/32-killer-kowalski-butte/
33. Lawrence Loop,45.373,-122.651,33,Suburban West Side,3.6,,3,Intersection of S. Rosemont and Wisteria Roads west of West Linn,Paved and dirt roads,Julie and Ryan Lawrence,https://runningaroundportland.com/routes/33-lawrence-loop/
34. Helvetia / West Union Loop,45.585,-122.93,34,Suburban West Side,11.2,17.9,9,West Union School,Paved road,Ken Weidkamp,https://runningaroundportland.com/routes/34-helvetia-west-union-loop/
35. Commonwealth Lake Loop,45.525,-122.818,35,Suburban West Side,0.7,1.1,1,Foothills Park,Paved asphalt path,Linda Freedman,https://runningaroundportland.com/routes/35-commonwealth-lake-loop/
36. Greenway Park Loop,45.475,-122.795,36,Suburban West Side,2.6,4.2,2,Parking place on S.W. Hall Street,Asphalt trail,,https://runningaroundportland.com/routes/36-greenway-park-loop/
37. Town Center Tear,45.515,-122.872,37,Suburban West Side,6,9.6,4,"West parking lot, Town Center",Paved road,,https://runningaroundportland.com/routes/37-town-center-tear/
38. Oak Hills Loop,45.529,-122.857,38,Suburban West Side,7,11.2,6,"Oak Hills School, off Sunset Highway",Paved roads,John R. Emrick,https://runningaroundportland.com/routes/38-oak-hills-loop/
