title,Latitude,Longitude,routeNumber,section,distanceMiles,distanceKm,difficulty,beginningPoint,runningSurface,suggestedBy,url
1. Grant Park / Mt. Tabor Loop,45.5445,-122.6323,1,North Portland & Near East Side,10.8,17.4,8,U.S. Grant Park,Roads and sidewalks,Dean Gisvold,https://runningaroundportland.com/posts/01-grant-park-mt-tabor-loop/
2. Rocky Butte Loop,45.548,-122.585,2,North Portland & Near East Side,3.2,5.1,7,Parking lot at the top of the Butte,Paved roads,Paul Christensen,https://runningaroundportland.com/posts/02-rocky-butte-loop/
3. Oaks Park Loop,45.464,-122.658,3,North Portland & Near East Side,2.4,3.8,2,"North end, Sellwood Park — S.E. 7th & Malden","Dirt and wood chip trail, railroad shoulder",,https://runningaroundportland.com/posts/03-oaks-park-loop/
4. Reed College / Eastmoreland Loop,45.482,-122.628,4,North Portland & Near East Side,4.5,7.3,2,"Crystal Springs Rhododendron Test Gardens parking lot on S.E. 28th, at the west end of the Reed College campus",Paved road and grass,,https://runningaroundportland.com/posts/04-reed-college-eastmoreland-loop/
5. University of Portland / Pier Park Loop,45.567,-122.729,5,North Portland & Near East Side,7.4,11.8,5,University of Portland main gate on Willamette Blvd.,"Paved roads, sidewalks, asphalt and gravel paths",Helmut Becker,https://runningaroundportland.com/posts/05-university-of-portland-pier-park-loop/
6. Delta Park Dash,45.586,-122.692,6,North Portland & Near East Side,4.9,7.8,3,Field house in East Park,Paved roads and grass,,https://runningaroundportland.com/posts/06-delta-park-dash/
7. Laurelhurst Park,45.524,-122.623,7,North Portland & Near East Side,0.82,1.3,1,"By the restrooms on S.E. Ankeny, Laurelhurst Park",Paved paths,,https://runningaroundportland.com/posts/07-laurelhurst-park/
8. Troutdale Trot,45.539,-122.396,8,Suburban East Side,6.8,10.8,7,Troutdale City Park on the Sandy River,Paved roads,,https://runningaroundportland.com/posts/08-troutdale-trot/
9. Mt. Hood Community College Loop,45.521,-122.39,9,Suburban East Side,6.2,10,6,"Mt. Hood Community College entrance on N.E. 17th Dr., Gresham, Ore.",Paved roads,Sid Christie,https://runningaroundportland.com/posts/09-mount-hood-community-college-loop/
10. Corbett High Loop,45.545,-122.296,10,Suburban East Side,5.8,9.3,6,Corbett High School,Paved road,,https://runningaroundportland.com/posts/10-corbett-high-loop/
11. Glendoveer,45.525,-122.498,11,Suburban East Side,1.8,2.9,1,Beginning of path on Glisan by parking lot,Wood chip trail,Pam Melvin,https://runningaroundportland.com/posts/11-glendoveer/
12. New Era Loop,45.301,-122.576,12,Suburban East Side,5.3,8.5,3,"Warner Grange Hall, New Era, Ore.",Paved roads,,https://runningaroundportland.com/posts/12-new-era-loop/
13. Tryon Creek Rim Trail / Center Loop,45.438,-122.679,13,Near West Side,,,,Nature House at park entrance,Dirt trails,Judy Burger,https://runningaroundportland.com/posts/13-tryon-creek-rim-trail-center-loop/
14. Tryon Creek Horse Loop,45.438,-122.679,14,Near West Side,3,4.8,3,Equestrian Area west of parking lot,Dirt trails,,https://runningaroundportland.com/posts/14-tryon-creek-horse-loop/
15. Sauvie Island Loop,45.606,-122.798,15,Near West Side,12.5,20,8,Parking lot to left of bridge,Paved road,,https://runningaroundportland.com/posts/15-sauvie-island-loop/
16. Hewitt / Humphrey / Fairmont Loop,45.5,-122.713,16,Near West Side,,,3,Across from Shell Station on S.W. Patton and Dosch Rds.,Paved roads,Gary Church,https://runningaroundportland.com/posts/16-hewitt-humphrey-fairmont-loop/
17. Lewis & Clark Campus Loop,45.437,-122.668,17,Near West Side,1.8,2.9,2,Top of stairs at west entrance of Pamplin Sports Center,Wood chip trail,,https://runningaroundportland.com/posts/17-lewis-and-clark-campus-loop/
18. Lewis and Clark / Dunthorpe Loops,45.437,-122.668,18,Near West Side,,,,Main entrance (Albany Gate) to campus on Palatine Rd.,"Paved roads, gravel paths",Coleen King,https://runningaroundportland.com/posts/18-lewis-and-clark-dunthorpe-loops/
19. Washington Park Loop,45.519,-122.707,19,Near West Side,3.6,5.8,4,Parking lots by tennis courts and Japanese Garden on Kingston Drive in Washington Park,Paved roads and dirt trails,,https://runningaroundportland.com/posts/19-washington-park-loop/
20. Downtown River Run,45.516,-122.67,20,Near West Side,2.9,4.7,3,Anywhere along the westside downtown waterfront,"Paved walkways, gravel",John Russell,https://runningaroundportland.com/posts/20-downtown-river-run/
21. Forestry Center / Hoyt Arboretum Loop,45.509,-122.716,21,Near West Side,3.8,6,5,North side of the Western Forestry Center building by the Zoo,Dirt trail,,https://runningaroundportland.com/posts/21-forestry-center-hoyt-arboretum-loop/
22. Macleay Park Loop,45.534,-122.709,22,Near West Side,3.7,5.9,5,Macleay Park parking lot,Dirt trail and paved road,,https://runningaroundportland.com/posts/22-macleay-park-loop/
23. Balch Creek / N.W. Thurman Loop,45.539,-122.713,23,Near West Side,3,4.8,4,Thurman Park underneath Thurman St. Bridge,Dirt trail and paved road,,https://runningaroundportland.com/posts/23-balch-creek-nw-thurman-loop/
24. Leif Erikson / Wildwood Loop,45.544,-122.728,24,Near West Side,9,14.5,7,Trail Head on N.W. 53rd Drive,"Dirt trails and gravelly, dirt road",,https://runningaroundportland.com/posts/24-leif-erikson-wildwood-loop/
25. Duniway Park / Terwilliger Runs,45.503,-122.687,25,Near West Side,5.5,8.8,3,Duniway Park track on SW Barbur in Portland,Asphalt jogging/bike path; sidewalk at southern end,Martin J. Conley,https://runningaroundportland.com/posts/25-duniway-park-terwilliger-runs/
26. Terwilliger / Himes Park,45.503,-122.687,26,Near West Side,5.6,9.1,5,South end of Duniway Park track,"Asphalt trail, dirt trail, paved road",Phil Pennington,https://runningaroundportland.com/posts/26-terwilliger-himes-park/
27. PCC / Mt. Sylvania Loops,45.456,-122.718,27,Near West Side,,,,Main entrance to campus at stoplight on S.W. 49th Ave.,Paved roads,Val Vitums,https://runningaroundportland.com/posts/27-portland-community-college-mt-sylvania-loops/
28. Hagg Lake Loop,45.46,-123.208,28,Suburban West Side,10.4,16.6,10,Parking lot at south end of dam face,Paved road,Don Wright,https://runningaroundportland.com/posts/28-hagg-lake-loop/
29. Lake Oswego Loop,45.421,-122.67,29,Suburban West Side,7.5,12,6,Lake Oswego Swim Park,Paved roads and streets,John Hensala,https://runningaroundportland.com/posts/29-lake-oswego-loop/
30. Olympic Fund Run,45.421,-122.67,30,Suburban West Side,6.2,10,4,Lake Oswego Junior High School,Paved road,,https://runningaroundportland.com/posts/30-olympic-fund-run/
31. Old River Road Run,45.413,-122.664,31,Suburban West Side,7,11.2,5,George Rogers Park in Lake Oswego,"Dirt paths, paved roads and trails",,https://runningaroundportland.com/posts/31-old-river-road-run/
32. Killer Kowalski Butte,45.388,-122.664,32,Suburban West Side,10.4,16.6,10,"Parking lot by Chapel, Marylhurst Education Center",Paved roads,Steve Saslow and Paul Ryman,https://runningaroundportland.com/posts/32-killer-kowalski-butte/
33. Lawrence Loop,45.373,-122.651,33,Suburban West Side,3.6,,3,Intersection of S. Rosemont and Wisteria Roads west of West Linn,Paved and dirt roads,Julie and Ryan Lawrence,https://runningaroundportland.com/posts/33-lawrence-loop/
34. Helvetia / West Union Loop,45.585,-122.93,34,Suburban West Side,11.2,17.9,9,West Union School,Paved road,Ken Weidkamp,https://runningaroundportland.com/posts/34-helvetia-west-union-loop/
35. Commonwealth Lake Loop,45.525,-122.818,35,Suburban West Side,0.7,1.1,1,Foothills Park,Paved asphalt path,Linda Freedman,https://runningaroundportland.com/posts/35-commonwealth-lake-loop/
36. Greenway Park Loop,45.475,-122.795,36,Suburban West Side,2.6,4.2,2,Parking place on S.W. Hall Street,Asphalt trail,,https://runningaroundportland.com/posts/36-greenway-park-loop/
37. Town Center Tear,45.515,-122.872,37,Suburban West Side,6,9.6,4,"West parking lot, Town Center",Paved road,,https://runningaroundportland.com/posts/37-town-center-tear/
38. Oak Hills Loop,45.529,-122.857,38,Suburban West Side,7,11.2,6,"Oak Hills School, off Sunset Highway",Paved roads,John R. Emrick,https://runningaroundportland.com/posts/38-oak-hills-loop/
39. Vancouver Lake Run,45.666,-122.716,39,Clark County,3.4,5.4,2,Vancouver Lake Park,Paved road,Bob Moser,https://runningaroundportland.com/posts/39-vancouver-lake-run/
40. Evergreen Highway Run,45.612,-122.628,40,Clark County,11.8,18.9,9,"Wintler Bicentennial Park, on Hwy. 14 to Camas","Paved roads, some gravel",Wes Christenson,https://runningaroundportland.com/posts/40-evergreen-highway-run/
42. Salmon Creek Loops,45.698,-122.639,42,Clark County,,,,"Columbia River High School, Vancouver, Wash.",Paved roads,Lee Cave,https://runningaroundportland.com/posts/42-salmon-creek-loops/
43. Vancouver Barracks Loop,45.623,-122.66,43,Clark County,1.7,2.7,1,Parking lot at corner of McClellan and McLoughlin in the Vancouver Barracks,"Paved roads, sidewalks, grass","R.P. ""Joe"" Smith",https://runningaroundportland.com/posts/43-vancouver-barracks-loop/

